"HealthTopic","Population","Indicator","Unit","Time","RegionCode","RegionName","NumValue","TxtValue"
"Antimicrobial resistance","Klebsiella pneumoniae|Carbapenems","R - resistant isolates, percentage  ","%","2005","AT","Austria",0.000000000,""
"Antimicrobial resistance","Klebsiella pneumoniae|Carbapenems","R - resistant isolates, percentage  ","%","2005","BG","Bulgaria",0.000000000,""
"Antimicrobial resistance","Klebsiella pneumoniae|Carbapenems","R - resistant isolates, percentage  ","%","2005","CY","Cyprus",-,""
"Antimicrobial resistance","Klebsiella pneumoniae|Carbapenems","R - resistant isolates, percentage  ","%","2005","CZ","Czechia",0.000000000,""
"Antimicrobial resistance","Klebsiella pneumoniae|Carbapenems","R - resistant isolates, percentage  ","%","2005","DE","Germany",1.960784310,""
"Antimicrobial resistance","Klebsiella pneumoniae|Carbapenems","R - resistant isolates, percentage  ","%","2005","EE","Estonia",0.000000000,""
"Antimicrobial resistance","Klebsiella pneumoniae|Carbapenems","R - resistant isolates, percentage  ","%","2005","EL","Greece",27.813712800,""
"Antimicrobial resistance","Klebsiella pneumoniae|Carbapenems","R - resistant isolates, percentage  ","%","2005","ES","Spain",0.000000000,""
"Antimicrobial resistance","Klebsiella pneumoniae|Carbapenems","R - resistant isolates, percentage  ","%","2005","FI","Finland",0.000000000,""
"Antimicrobial resistance","Klebsiella pneumoniae|Carbapenems","R - resistant isolates, percentage  ","%","2005","FR","France",0.132802120,""
"Antimicrobial resistance","Klebsiella pneumoniae|Carbapenems","R - resistant isolates, percentage  ","%","2005","HR","Croatia",0.000000000,""
"Antimicrobial resistance","Klebsiella pneumoniae|Carbapenems","R - resistant isolates, percentage  ","%","2005","HU","Hungary",0.333333330,""
"Antimicrobial resistance","Klebsiella pneumoniae|Carbapenems","R - resistant isolates, percentage  ","%","2005","IE","Ireland",0.000000000,""
"Antimicrobial resistance","Klebsiella pneumoniae|Carbapenems","R - resistant isolates, percentage  ","%","2005","IS","Iceland",0.000000000,""
"Antimicrobial resistance","Klebsiella pneumoniae|Carbapenems","R - resistant isolates, percentage  ","%","2005","MT","Malta",-,""
"Antimicrobial resistance","Klebsiella pneumoniae|Carbapenems","R - resistant isolates, percentage  ","%","2005","NL","Netherlands",0.000000000,""
"Antimicrobial resistance","Klebsiella pneumoniae|Carbapenems","R - resistant isolates, percentage  ","%","2005","NO","Norway",0.621118010,""
"Antimicrobial resistance","Klebsiella pneumoniae|Carbapenems","R - resistant isolates, percentage  ","%","2005","PL","Poland",0.000000000,""
"Antimicrobial resistance","Klebsiella pneumoniae|Carbapenems","R - resistant isolates, percentage  ","%","2005","RO","Romania",-,""
"Antimicrobial resistance","Klebsiella pneumoniae|Carbapenems","R - resistant isolates, percentage  ","%","2005","SE","Sweden",-,""
"Antimicrobial resistance","Klebsiella pneumoniae|Carbapenems","R - resistant isolates, percentage  ","%","2005","SI","Slovenia",0.000000000,""
"Antimicrobial resistance","Klebsiella pneumoniae|Carbapenems","R - resistant isolates, percentage  ","%","2005","UK","United Kingdom",0.000000000,""
"Antimicrobial resistance","Klebsiella pneumoniae|Carbapenems","R - resistant isolates, percentage  ","%","2006","AT","Austria",0.000000000,""
"Antimicrobial resistance","Klebsiella pneumoniae|Carbapenems","R - resistant isolates, percentage  ","%","2006","BG","Bulgaria",0.000000000,""
"Antimicrobial resistance","Klebsiella pneumoniae|Carbapenems","R - resistant isolates, percentage  ","%","2006","CY","Cyprus",0.000000000,""
"Antimicrobial resistance","Klebsiella pneumoniae|Carbapenems","R - resistant isolates, percentage  ","%","2006","CZ","Czechia",-,""
"Antimicrobial resistance","Klebsiella pneumoniae|Carbapenems","R - resistant isolates, percentage  ","%","2006","DE","Germany",0.000000000,""
"Antimicrobial resistance","Klebsiella pneumoniae|Carbapenems","R - resistant isolates, percentage  ","%","2006","DK","Denmark",0.000000000,""
"Antimicrobial resistance","Klebsiella pneumoniae|Carbapenems","R - resistant isolates, percentage  ","%","2006","EE","Estonia",0.000000000,""
"Antimicrobial resistance","Klebsiella pneumoniae|Carbapenems","R - resistant isolates, percentage  ","%","2006","EL","Greece",32.855436080,""
"Antimicrobial resistance","Klebsiella pneumoniae|Carbapenems","R - resistant isolates, percentage  ","%","2006","ES","Spain",0.000000000,""
"Antimicrobial resistance","Klebsiella pneumoniae|Carbapenems","R - resistant isolates, percentage  ","%","2006","FI","Finland",0.000000000,""
"Antimicrobial resistance","Klebsiella pneumoniae|Carbapenems","R - resistant isolates, percentage  ","%","2006","FR","France",0.000000000,""
"Antimicrobial resistance","Klebsiella pneumoniae|Carbapenems","R - resistant isolates, percentage  ","%","2006","HR","Croatia",0.000000000,""
"Antimicrobial resistance","Klebsiella pneumoniae|Carbapenems","R - resistant isolates, percentage  ","%","2006","HU","Hungary",0.000000000,""
"Antimicrobial resistance","Klebsiella pneumoniae|Carbapenems","R - resistant isolates, percentage  ","%","2006","IE","Ireland",0.000000000,""
"Antimicrobial resistance","Klebsiella pneumoniae|Carbapenems","R - resistant isolates, percentage  ","%","2006","IS","Iceland",-,""
"Antimicrobial resistance","Klebsiella pneumoniae|Carbapenems","R - resistant isolates, percentage  ","%","2006","IT","Italy",1.311475400,""
"Antimicrobial resistance","Klebsiella pneumoniae|Carbapenems","R - resistant isolates, percentage  ","%","2006","LT","Lithuania",0.000000000,""
"Antimicrobial resistance","Klebsiella pneumoniae|Carbapenems","R - resistant isolates, percentage  ","%","2006","LU","Luxembourg",-,""
"Antimicrobial resistance","Klebsiella pneumoniae|Carbapenems","R - resistant isolates, percentage  ","%","2006","LV","Latvia",0.000000000,""
"Antimicrobial resistance","Klebsiella pneumoniae|Carbapenems","R - resistant isolates, percentage  ","%","2006","MT","Malta",0.000000000,""
"Antimicrobial resistance","Klebsiella pneumoniae|Carbapenems","R - resistant isolates, percentage  ","%","2006","NL","Netherlands",0.303951360,""
"Antimicrobial resistance","Klebsiella pneumoniae|Carbapenems","R - resistant isolates, percentage  ","%","2006","NO","Norway",0.452488680,""
"Antimicrobial resistance","Klebsiella pneumoniae|Carbapenems","R - resistant isolates, percentage  ","%","2006","PL","Poland",-,""
"Antimicrobial resistance","Klebsiella pneumoniae|Carbapenems","R - resistant isolates, percentage  ","%","2006","RO","Romania",0.000000000,""
"Antimicrobial resistance","Klebsiella pneumoniae|Carbapenems","R - resistant isolates, percentage  ","%","2006","SE","Sweden",-,""
"Antimicrobial resistance","Klebsiella pneumoniae|Carbapenems","R - resistant isolates, percentage  ","%","2006","SI","Slovenia",0.000000000,""
"Antimicrobial resistance","Klebsiella pneumoniae|Carbapenems","R - resistant isolates, percentage  ","%","2006","UK","United Kingdom",0.349650340,""
"Antimicrobial resistance","Klebsiella pneumoniae|Carbapenems","R - resistant isolates, percentage  ","%","2007","AT","Austria",0.000000000,""
"Antimicrobial resistance","Klebsiella pneumoniae|Carbapenems","R - resistant isolates, percentage  ","%","2007","BG","Bulgaria",0.000000000,""
"Antimicrobial resistance","Klebsiella pneumoniae|Carbapenems","R - resistant isolates, percentage  ","%","2007","CY","Cyprus",2.564102560,""
"Antimicrobial resistance","Klebsiella pneumoniae|Carbapenems","R - resistant isolates, percentage  ","%","2007","CZ","Czechia",0.000000000,""
"Antimicrobial resistance","Klebsiella pneumoniae|Carbapenems","R - resistant isolates, percentage  ","%","2007","DE","Germany",1.734104040,""
"Antimicrobial resistance","Klebsiella pneumoniae|Carbapenems","R - resistant isolates, percentage  ","%","2007","DK","Denmark",0.000000000,""
"Antimicrobial resistance","Klebsiella pneumoniae|Carbapenems","R - resistant isolates, percentage  ","%","2007","EE","Estonia",0.000000000,""
"Antimicrobial resistance","Klebsiella pneumoniae|Carbapenems","R - resistant isolates, percentage  ","%","2007","EL","Greece",42.443064180,""
"Antimicrobial resistance","Klebsiella pneumoniae|Carbapenems","R - resistant isolates, percentage  ","%","2007","ES","Spain",0.000000000,""
"Antimicrobial resistance","Klebsiella pneumoniae|Carbapenems","R - resistant isolates, percentage  ","%","2007","FI","Finland",0.000000000,""
"Antimicrobial resistance","Klebsiella pneumoniae|Carbapenems","R - resistant isolates, percentage  ","%","2007","FR","France",0.094607370,""
"Antimicrobial resistance","Klebsiella pneumoniae|Carbapenems","R - resistant isolates, percentage  ","%","2007","HR","Croatia",0.358422930,""
"Antimicrobial resistance","Klebsiella pneumoniae|Carbapenems","R - resistant isolates, percentage  ","%","2007","HU","Hungary",0.000000000,""
"Antimicrobial resistance","Klebsiella pneumoniae|Carbapenems","R - resistant isolates, percentage  ","%","2007","IE","Ireland",0.000000000,""
"Antimicrobial resistance","Klebsiella pneumoniae|Carbapenems","R - resistant isolates, percentage  ","%","2007","IS","Iceland",0.000000000,""
"Antimicrobial resistance","Klebsiella pneumoniae|Carbapenems","R - resistant isolates, percentage  ","%","2007","IT","Italy",1.111111110,""
"Antimicrobial resistance","Klebsiella pneumoniae|Carbapenems","R - resistant isolates, percentage  ","%","2007","LT","Lithuania",0.000000000,""
"Antimicrobial resistance","Klebsiella pneumoniae|Carbapenems","R - resistant isolates, percentage  ","%","2007","LU","Luxembourg",-,""
"Antimicrobial resistance","Klebsiella pneumoniae|Carbapenems","R - resistant isolates, percentage  ","%","2007","LV","Latvia",0.000000000,""
"Antimicrobial resistance","Klebsiella pneumoniae|Carbapenems","R - resistant isolates, percentage  ","%","2007","MT","Malta",0.000000000,""
"Antimicrobial resistance","Klebsiella pneumoniae|Carbapenems","R - resistant isolates, percentage  ","%","2007","NL","Netherlands",0.000000000,""
"Antimicrobial resistance","Klebsiella pneumoniae|Carbapenems","R - resistant isolates, percentage  ","%","2007","NO","Norway",0.000000000,""
"Antimicrobial resistance","Klebsiella pneumoniae|Carbapenems","R - resistant isolates, percentage  ","%","2007","PL","Poland",-,""
"Antimicrobial resistance","Klebsiella pneumoniae|Carbapenems","R - resistant isolates, percentage  ","%","2007","PT","Portugal",0.000000000,""
"Antimicrobial resistance","Klebsiella pneumoniae|Carbapenems","R - resistant isolates, percentage  ","%","2007","RO","Romania",0.000000000,""
"Antimicrobial resistance","Klebsiella pneumoniae|Carbapenems","R - resistant isolates, percentage  ","%","2007","SE","Sweden",0.000000000,""
"Antimicrobial resistance","Klebsiella pneumoniae|Carbapenems","R - resistant isolates, percentage  ","%","2007","SI","Slovenia",0.000000000,""
"Antimicrobial resistance","Klebsiella pneumoniae|Carbapenems","R - resistant isolates, percentage  ","%","2007","UK","United Kingdom",0.331125820,""
"Antimicrobial resistance","Klebsiella pneumoniae|Carbapenems","R - resistant isolates, percentage  ","%","2008","AT","Austria",0.000000000,""
"Antimicrobial resistance","Klebsiella pneumoniae|Carbapenems","R - resistant isolates, percentage  ","%","2008","BG","Bulgaria",0.000000000,""
"Antimicrobial resistance","Klebsiella pneumoniae|Carbapenems","R - resistant isolates, percentage  ","%","2008","CY","Cyprus",9.677419350,""
"Antimicrobial resistance","Klebsiella pneumoniae|Carbapenems","R - resistant isolates, percentage  ","%","2008","CZ","Czechia",0.238095230,""
"Antimicrobial resistance","Klebsiella pneumoniae|Carbapenems","R - resistant isolates, percentage  ","%","2008","DE","Germany",0.000000000,""
"Antimicrobial resistance","Klebsiella pneumoniae|Carbapenems","R - resistant isolates, percentage  ","%","2008","DK","Denmark",0.191204580,""
"Antimicrobial resistance","Klebsiella pneumoniae|Carbapenems","R - resistant isolates, percentage  ","%","2008","EE","Estonia",0.000000000,""
"Antimicrobial resistance","Klebsiella pneumoniae|Carbapenems","R - resistant isolates, percentage  ","%","2008","EL","Greece",36.592178770,""
"Antimicrobial resistance","Klebsiella pneumoniae|Carbapenems","R - resistant isolates, percentage  ","%","2008","ES","Spain",0.000000000,""
"Antimicrobial resistance","Klebsiella pneumoniae|Carbapenems","R - resistant isolates, percentage  ","%","2008","FI","Finland",0.000000000,""
"Antimicrobial resistance","Klebsiella pneumoniae|Carbapenems","R - resistant isolates, percentage  ","%","2008","FR","France",0.000000000,""
"Antimicrobial resistance","Klebsiella pneumoniae|Carbapenems","R - resistant isolates, percentage  ","%","2008","HR","Croatia",0.311526470,""
"Antimicrobial resistance","Klebsiella pneumoniae|Carbapenems","R - resistant isolates, percentage  ","%","2008","HU","Hungary",0.000000000,""
"Antimicrobial resistance","Klebsiella pneumoniae|Carbapenems","R - resistant isolates, percentage  ","%","2008","IE","Ireland",0.000000000,""
"Antimicrobial resistance","Klebsiella pneumoniae|Carbapenems","R - resistant isolates, percentage  ","%","2008","IS","Iceland",0.000000000,""
"Antimicrobial resistance","Klebsiella pneumoniae|Carbapenems","R - resistant isolates, percentage  ","%","2008","IT","Italy",1.941747570,""
"Antimicrobial resistance","Klebsiella pneumoniae|Carbapenems","R - resistant isolates, percentage  ","%","2008","LT","Lithuania",0.000000000,""
"Antimicrobial resistance","Klebsiella pneumoniae|Carbapenems","R - resistant isolates, percentage  ","%","2008","LU","Luxembourg",-,""
"Antimicrobial resistance","Klebsiella pneumoniae|Carbapenems","R - resistant isolates, percentage  ","%","2008","LV","Latvia",2.500000000,""
"Antimicrobial resistance","Klebsiella pneumoniae|Carbapenems","R - resistant isolates, percentage  ","%","2008","MT","Malta",0.000000000,""
"Antimicrobial resistance","Klebsiella pneumoniae|Carbapenems","R - resistant isolates, percentage  ","%","2008","NL","Netherlands",0.000000000,""
"Antimicrobial resistance","Klebsiella pneumoniae|Carbapenems","R - resistant isolates, percentage  ","%","2008","NO","Norway",0.673400670,""
"Antimicrobial resistance","Klebsiella pneumoniae|Carbapenems","R - resistant isolates, percentage  ","%","2008","PL","Poland",-,""
"Antimicrobial resistance","Klebsiella pneumoniae|Carbapenems","R - resistant isolates, percentage  ","%","2008","PT","Portugal",0.724637680,""
"Antimicrobial resistance","Klebsiella pneumoniae|Carbapenems","R - resistant isolates, percentage  ","%","2008","RO","Romania",-,""
"Antimicrobial resistance","Klebsiella pneumoniae|Carbapenems","R - resistant isolates, percentage  ","%","2008","SE","Sweden",0.000000000,""
"Antimicrobial resistance","Klebsiella pneumoniae|Carbapenems","R - resistant isolates, percentage  ","%","2008","SI","Slovenia",0.000000000,""
"Antimicrobial resistance","Klebsiella pneumoniae|Carbapenems","R - resistant isolates, percentage  ","%","2008","UK","United Kingdom",1.239669420,""
"Antimicrobial resistance","Klebsiella pneumoniae|Carbapenems","R - resistant isolates, percentage  ","%","2009","AT","Austria",0.000000000,""
"Antimicrobial resistance","Klebsiella pneumoniae|Carbapenems","R - resistant isolates, percentage  ","%","2009","BE","Belgium",1.204819270,""
"Antimicrobial resistance","Klebsiella pneumoniae|Carbapenems","R - resistant isolates, percentage  ","%","2009","BG","Bulgaria",0.000000000,""
"Antimicrobial resistance","Klebsiella pneumoniae|Carbapenems","R - resistant isolates, percentage  ","%","2009","CY","Cyprus",16.981132070,""
"Antimicrobial resistance","Klebsiella pneumoniae|Carbapenems","R - resistant isolates, percentage  ","%","2009","CZ","Czechia",0.247116960,""
"Antimicrobial resistance","Klebsiella pneumoniae|Carbapenems","R - resistant isolates, percentage  ","%","2009","DE","Germany",0.000000000,""
"Antimicrobial resistance","Klebsiella pneumoniae|Carbapenems","R - resistant isolates, percentage  ","%","2009","DK","Denmark",0.000000000,""
"Antimicrobial resistance","Klebsiella pneumoniae|Carbapenems","R - resistant isolates, percentage  ","%","2009","EE","Estonia",0.000000000,""
"Antimicrobial resistance","Klebsiella pneumoniae|Carbapenems","R - resistant isolates, percentage  ","%","2009","EL","Greece",43.515673010,""
"Antimicrobial resistance","Klebsiella pneumoniae|Carbapenems","R - resistant isolates, percentage  ","%","2009","ES","Spain",0.173913040,""
"Antimicrobial resistance","Klebsiella pneumoniae|Carbapenems","R - resistant isolates, percentage  ","%","2009","FI","Finland",0.284900280,""
"Antimicrobial resistance","Klebsiella pneumoniae|Carbapenems","R - resistant isolates, percentage  ","%","2009","FR","France",0.157728700,""
"Antimicrobial resistance","Klebsiella pneumoniae|Carbapenems","R - resistant isolates, percentage  ","%","2009","HU","Hungary",0.555555550,""
"Antimicrobial resistance","Klebsiella pneumoniae|Carbapenems","R - resistant isolates, percentage  ","%","2009","IE","Ireland",0.000000000,""
"Antimicrobial resistance","Klebsiella pneumoniae|Carbapenems","R - resistant isolates, percentage  ","%","2009","IS","Iceland",0.000000000,""
"Antimicrobial resistance","Klebsiella pneumoniae|Carbapenems","R - resistant isolates, percentage  ","%","2009","IT","Italy",1.315789470,""
"Antimicrobial resistance","Klebsiella pneumoniae|Carbapenems","R - resistant isolates, percentage  ","%","2009","LT","Lithuania",0.000000000,""
"Antimicrobial resistance","Klebsiella pneumoniae|Carbapenems","R - resistant isolates, percentage  ","%","2009","LU","Luxembourg",0.000000000,""
"Antimicrobial resistance","Klebsiella pneumoniae|Carbapenems","R - resistant isolates, percentage  ","%","2009","LV","Latvia",0.000000000,""
"Antimicrobial resistance","Klebsiella pneumoniae|Carbapenems","R - resistant isolates, percentage  ","%","2009","MT","Malta",0.000000000,""
"Antimicrobial resistance","Klebsiella pneumoniae|Carbapenems","R - resistant isolates, percentage  ","%","2009","NL","Netherlands",0.000000000,""
"Antimicrobial resistance","Klebsiella pneumoniae|Carbapenems","R - resistant isolates, percentage  ","%","2009","NO","Norway",0.000000000,""
"Antimicrobial resistance","Klebsiella pneumoniae|Carbapenems","R - resistant isolates, percentage  ","%","2009","PL","Poland",0.719424460,""
"Antimicrobial resistance","Klebsiella pneumoniae|Carbapenems","R - resistant isolates, percentage  ","%","2009","PT","Portugal",0.824742260,""
"Antimicrobial resistance","Klebsiella pneumoniae|Carbapenems","R - resistant isolates, percentage  ","%","2009","RO","Romania",-,""
"Antimicrobial resistance","Klebsiella pneumoniae|Carbapenems","R - resistant isolates, percentage  ","%","2009","SE","Sweden",-,""
"Antimicrobial resistance","Klebsiella pneumoniae|Carbapenems","R - resistant isolates, percentage  ","%","2009","SI","Slovenia",0.529100520,""
"Antimicrobial resistance","Klebsiella pneumoniae|Carbapenems","R - resistant isolates, percentage  ","%","2009","UK","United Kingdom",0.169204730,""
"Antimicrobial resistance","Klebsiella pneumoniae|Carbapenems","R - resistant isolates, percentage  ","%","2010","AT","Austria",0.589390960,""
"Antimicrobial resistance","Klebsiella pneumoniae|Carbapenems","R - resistant isolates, percentage  ","%","2010","BE","Belgium",0.000000000,""
"Antimicrobial resistance","Klebsiella pneumoniae|Carbapenems","R - resistant isolates, percentage  ","%","2010","BG","Bulgaria",0.000000000,""
"Antimicrobial resistance","Klebsiella pneumoniae|Carbapenems","R - resistant isolates, percentage  ","%","2010","CY","Cyprus",16.417910440,""
"Antimicrobial resistance","Klebsiella pneumoniae|Carbapenems","R - resistant isolates, percentage  ","%","2010","CZ","Czechia",0.090661830,""
"Antimicrobial resistance","Klebsiella pneumoniae|Carbapenems","R - resistant isolates, percentage  ","%","2010","DE","Germany",0.000000000,""
"Antimicrobial resistance","Klebsiella pneumoniae|Carbapenems","R - resistant isolates, percentage  ","%","2010","DK","Denmark",0.000000000,""
"Antimicrobial resistance","Klebsiella pneumoniae|Carbapenems","R - resistant isolates, percentage  ","%","2010","EE","Estonia",0.000000000,""
"Antimicrobial resistance","Klebsiella pneumoniae|Carbapenems","R - resistant isolates, percentage  ","%","2010","EL","Greece",49.081209240,""
"Antimicrobial resistance","Klebsiella pneumoniae|Carbapenems","R - resistant isolates, percentage  ","%","2010","ES","Spain",0.000000000,""
"Antimicrobial resistance","Klebsiella pneumoniae|Carbapenems","R - resistant isolates, percentage  ","%","2010","FI","Finland",0.000000000,""
"Antimicrobial resistance","Klebsiella pneumoniae|Carbapenems","R - resistant isolates, percentage  ","%","2010","FR","France",0.069832400,""
"Antimicrobial resistance","Klebsiella pneumoniae|Carbapenems","R - resistant isolates, percentage  ","%","2010","HR","Croatia",2.150537630,""
"Antimicrobial resistance","Klebsiella pneumoniae|Carbapenems","R - resistant isolates, percentage  ","%","2010","HU","Hungary",5.498981670,""
"Antimicrobial resistance","Klebsiella pneumoniae|Carbapenems","R - resistant isolates, percentage  ","%","2010","IE","Ireland",0.000000000,""
"Antimicrobial resistance","Klebsiella pneumoniae|Carbapenems","R - resistant isolates, percentage  ","%","2010","IS","Iceland",-,""
"Antimicrobial resistance","Klebsiella pneumoniae|Carbapenems","R - resistant isolates, percentage  ","%","2010","IT","Italy",15.184678520,""
"Antimicrobial resistance","Klebsiella pneumoniae|Carbapenems","R - resistant isolates, percentage  ","%","2010","LT","Lithuania",0.000000000,""
"Antimicrobial resistance","Klebsiella pneumoniae|Carbapenems","R - resistant isolates, percentage  ","%","2010","LU","Luxembourg",0.000000000,""
"Antimicrobial resistance","Klebsiella pneumoniae|Carbapenems","R - resistant isolates, percentage  ","%","2010","LV","Latvia",0.000000000,""
"Antimicrobial resistance","Klebsiella pneumoniae|Carbapenems","R - resistant isolates, percentage  ","%","2010","MT","Malta",0.000000000,""
"Antimicrobial resistance","Klebsiella pneumoniae|Carbapenems","R - resistant isolates, percentage  ","%","2010","NL","Netherlands",0.224215240,""
"Antimicrobial resistance","Klebsiella pneumoniae|Carbapenems","R - resistant isolates, percentage  ","%","2010","NO","Norway",0.000000000,""
"Antimicrobial resistance","Klebsiella pneumoniae|Carbapenems","R - resistant isolates, percentage  ","%","2010","PL","Poland",0.000000000,""
"Antimicrobial resistance","Klebsiella pneumoniae|Carbapenems","R - resistant isolates, percentage  ","%","2010","PT","Portugal",1.354401800,""
"Antimicrobial resistance","Klebsiella pneumoniae|Carbapenems","R - resistant isolates, percentage  ","%","2010","RO","Romania",-,""
"Antimicrobial resistance","Klebsiella pneumoniae|Carbapenems","R - resistant isolates, percentage  ","%","2010","SE","Sweden",0.282485870,""
"Antimicrobial resistance","Klebsiella pneumoniae|Carbapenems","R - resistant isolates, percentage  ","%","2010","SI","Slovenia",0.512820510,""
"Antimicrobial resistance","Klebsiella pneumoniae|Carbapenems","R - resistant isolates, percentage  ","%","2010","UK","United Kingdom",0.147710480,""
"Antimicrobial resistance","Klebsiella pneumoniae|Carbapenems","R - resistant isolates, percentage  ","%","2011","AT","Austria",0.163934420,""
"Antimicrobial resistance","Klebsiella pneumoniae|Carbapenems","R - resistant isolates, percentage  ","%","2011","BE","Belgium",0.309597520,""
"Antimicrobial resistance","Klebsiella pneumoniae|Carbapenems","R - resistant isolates, percentage  ","%","2011","BG","Bulgaria",0.000000000,""
"Antimicrobial resistance","Klebsiella pneumoniae|Carbapenems","R - resistant isolates, percentage  ","%","2011","CY","Cyprus",15.662650600,""
"Antimicrobial resistance","Klebsiella pneumoniae|Carbapenems","R - resistant isolates, percentage  ","%","2011","CZ","Czechia",0.083822290,""
"Antimicrobial resistance","Klebsiella pneumoniae|Carbapenems","R - resistant isolates, percentage  ","%","2011","DE","Germany",0.000000000,""
"Antimicrobial resistance","Klebsiella pneumoniae|Carbapenems","R - resistant isolates, percentage  ","%","2011","DK","Denmark",0.000000000,""
"Antimicrobial resistance","Klebsiella pneumoniae|Carbapenems","R - resistant isolates, percentage  ","%","2011","EE","Estonia",0.000000000,""
"Antimicrobial resistance","Klebsiella pneumoniae|Carbapenems","R - resistant isolates, percentage  ","%","2011","EL","Greece",68.154034220,""
"Antimicrobial resistance","Klebsiella pneumoniae|Carbapenems","R - resistant isolates, percentage  ","%","2011","ES","Spain",0.349650340,""
"Antimicrobial resistance","Klebsiella pneumoniae|Carbapenems","R - resistant isolates, percentage  ","%","2011","FI","Finland",0.000000000,""
"Antimicrobial resistance","Klebsiella pneumoniae|Carbapenems","R - resistant isolates, percentage  ","%","2011","FR","France",0.000000000,""
"Antimicrobial resistance","Klebsiella pneumoniae|Carbapenems","R - resistant isolates, percentage  ","%","2011","HR","Croatia",0.000000000,""
"Antimicrobial resistance","Klebsiella pneumoniae|Carbapenems","R - resistant isolates, percentage  ","%","2011","HU","Hungary",1.937046000,""
"Antimicrobial resistance","Klebsiella pneumoniae|Carbapenems","R - resistant isolates, percentage  ","%","2011","IE","Ireland",0.331125820,""
"Antimicrobial resistance","Klebsiella pneumoniae|Carbapenems","R - resistant isolates, percentage  ","%","2011","IT","Italy",26.666666660,""
"Antimicrobial resistance","Klebsiella pneumoniae|Carbapenems","R - resistant isolates, percentage  ","%","2011","LT","Lithuania",-,""
"Antimicrobial resistance","Klebsiella pneumoniae|Carbapenems","R - resistant isolates, percentage  ","%","2011","LU","Luxembourg",0.000000000,""
"Antimicrobial resistance","Klebsiella pneumoniae|Carbapenems","R - resistant isolates, percentage  ","%","2011","LV","Latvia",0.000000000,""
"Antimicrobial resistance","Klebsiella pneumoniae|Carbapenems","R - resistant isolates, percentage  ","%","2011","MT","Malta",3.846153840,""
"Antimicrobial resistance","Klebsiella pneumoniae|Carbapenems","R - resistant isolates, percentage  ","%","2011","NL","Netherlands",0.230149590,""
"Antimicrobial resistance","Klebsiella pneumoniae|Carbapenems","R - resistant isolates, percentage  ","%","2011","NO","Norway",0.000000000,""
"Antimicrobial resistance","Klebsiella pneumoniae|Carbapenems","R - resistant isolates, percentage  ","%","2011","PL","Poland",0.531914890,""
"Antimicrobial resistance","Klebsiella pneumoniae|Carbapenems","R - resistant isolates, percentage  ","%","2011","PT","Portugal",0.344827580,""
"Antimicrobial resistance","Klebsiella pneumoniae|Carbapenems","R - resistant isolates, percentage  ","%","2011","RO","Romania",-,""
"Antimicrobial resistance","Klebsiella pneumoniae|Carbapenems","R - resistant isolates, percentage  ","%","2011","SE","Sweden",0.000000000,""
"Antimicrobial resistance","Klebsiella pneumoniae|Carbapenems","R - resistant isolates, percentage  ","%","2011","SI","Slovenia",0.000000000,""
"Antimicrobial resistance","Klebsiella pneumoniae|Carbapenems","R - resistant isolates, percentage  ","%","2011","SK","Slovakia",0.691244230,""
"Antimicrobial resistance","Klebsiella pneumoniae|Carbapenems","R - resistant isolates, percentage  ","%","2011","UK","United Kingdom",0.363636360,""
"Antimicrobial resistance","Klebsiella pneumoniae|Carbapenems","R - resistant isolates, percentage  ","%","2012","AT","Austria",0.813008130,""
"Antimicrobial resistance","Klebsiella pneumoniae|Carbapenems","R - resistant isolates, percentage  ","%","2012","BE","Belgium",0.733944950,""
"Antimicrobial resistance","Klebsiella pneumoniae|Carbapenems","R - resistant isolates, percentage  ","%","2012","BG","Bulgaria",1.851851850,""
"Antimicrobial resistance","Klebsiella pneumoniae|Carbapenems","R - resistant isolates, percentage  ","%","2012","CY","Cyprus",9.230769230,""
"Antimicrobial resistance","Klebsiella pneumoniae|Carbapenems","R - resistant isolates, percentage  ","%","2012","CZ","Czechia",0.306044370,""
"Antimicrobial resistance","Klebsiella pneumoniae|Carbapenems","R - resistant isolates, percentage  ","%","2012","DE","Germany",0.000000000,""
"Antimicrobial resistance","Klebsiella pneumoniae|Carbapenems","R - resistant isolates, percentage  ","%","2012","DK","Denmark",0.294117640,""
"Antimicrobial resistance","Klebsiella pneumoniae|Carbapenems","R - resistant isolates, percentage  ","%","2012","EE","Estonia",1.265822780,""
"Antimicrobial resistance","Klebsiella pneumoniae|Carbapenems","R - resistant isolates, percentage  ","%","2012","EL","Greece",60.479452050,""
"Antimicrobial resistance","Klebsiella pneumoniae|Carbapenems","R - resistant isolates, percentage  ","%","2012","ES","Spain",0.781250000,""
"Antimicrobial resistance","Klebsiella pneumoniae|Carbapenems","R - resistant isolates, percentage  ","%","2012","FI","Finland",0.000000000,""
"Antimicrobial resistance","Klebsiella pneumoniae|Carbapenems","R - resistant isolates, percentage  ","%","2012","FR","France",0.491702510,""
"Antimicrobial resistance","Klebsiella pneumoniae|Carbapenems","R - resistant isolates, percentage  ","%","2012","HR","Croatia",0.000000000,""
"Antimicrobial resistance","Klebsiella pneumoniae|Carbapenems","R - resistant isolates, percentage  ","%","2012","HU","Hungary",2.910602910,""
"Antimicrobial resistance","Klebsiella pneumoniae|Carbapenems","R - resistant isolates, percentage  ","%","2012","IE","Ireland",0.000000000,""
"Antimicrobial resistance","Klebsiella pneumoniae|Carbapenems","R - resistant isolates, percentage  ","%","2012","IT","Italy",29.112426030,""
"Antimicrobial resistance","Klebsiella pneumoniae|Carbapenems","R - resistant isolates, percentage  ","%","2012","LT","Lithuania",0.000000000,""
"Antimicrobial resistance","Klebsiella pneumoniae|Carbapenems","R - resistant isolates, percentage  ","%","2012","LU","Luxembourg",0.000000000,""
"Antimicrobial resistance","Klebsiella pneumoniae|Carbapenems","R - resistant isolates, percentage  ","%","2012","LV","Latvia",0.000000000,""
"Antimicrobial resistance","Klebsiella pneumoniae|Carbapenems","R - resistant isolates, percentage  ","%","2012","MT","Malta",3.571428570,""
"Antimicrobial resistance","Klebsiella pneumoniae|Carbapenems","R - resistant isolates, percentage  ","%","2012","NL","Netherlands",0.105708240,""
"Antimicrobial resistance","Klebsiella pneumoniae|Carbapenems","R - resistant isolates, percentage  ","%","2012","NO","Norway",0.481540930,""
"Antimicrobial resistance","Klebsiella pneumoniae|Carbapenems","R - resistant isolates, percentage  ","%","2012","PL","Poland",0.835654590,""
"Antimicrobial resistance","Klebsiella pneumoniae|Carbapenems","R - resistant isolates, percentage  ","%","2012","PT","Portugal",0.667556740,""
"Antimicrobial resistance","Klebsiella pneumoniae|Carbapenems","R - resistant isolates, percentage  ","%","2012","RO","Romania",13.725490190,""
"Antimicrobial resistance","Klebsiella pneumoniae|Carbapenems","R - resistant isolates, percentage  ","%","2012","SE","Sweden",0.102354140,""
"Antimicrobial resistance","Klebsiella pneumoniae|Carbapenems","R - resistant isolates, percentage  ","%","2012","SI","Slovenia",0.393700780,""
"Antimicrobial resistance","Klebsiella pneumoniae|Carbapenems","R - resistant isolates, percentage  ","%","2012","SK","Slovakia",6.344410870,""
"Antimicrobial resistance","Klebsiella pneumoniae|Carbapenems","R - resistant isolates, percentage  ","%","2012","UK","United Kingdom",0.450450450,""
"Antimicrobial resistance","Klebsiella pneumoniae|Carbapenems","R - resistant isolates, percentage  ","%","2013","AT","Austria",1.208791200,""
"Antimicrobial resistance","Klebsiella pneumoniae|Carbapenems","R - resistant isolates, percentage  ","%","2013","BE","Belgium",0.323624590,""
"Antimicrobial resistance","Klebsiella pneumoniae|Carbapenems","R - resistant isolates, percentage  ","%","2013","BG","Bulgaria",0.000000000,""
"Antimicrobial resistance","Klebsiella pneumoniae|Carbapenems","R - resistant isolates, percentage  ","%","2013","CY","Cyprus",5.882352940,""
"Antimicrobial resistance","Klebsiella pneumoniae|Carbapenems","R - resistant isolates, percentage  ","%","2013","CZ","Czechia",0.529567510,""
"Antimicrobial resistance","Klebsiella pneumoniae|Carbapenems","R - resistant isolates, percentage  ","%","2013","DE","Germany",0.655307990,""
"Antimicrobial resistance","Klebsiella pneumoniae|Carbapenems","R - resistant isolates, percentage  ","%","2013","DK","Denmark",0.155038750,""
"Antimicrobial resistance","Klebsiella pneumoniae|Carbapenems","R - resistant isolates, percentage  ","%","2013","EE","Estonia",2.702702700,""
"Antimicrobial resistance","Klebsiella pneumoniae|Carbapenems","R - resistant isolates, percentage  ","%","2013","EL","Greece",59.387923900,""
"Antimicrobial resistance","Klebsiella pneumoniae|Carbapenems","R - resistant isolates, percentage  ","%","2013","ES","Spain",1.611603540,""
"Antimicrobial resistance","Klebsiella pneumoniae|Carbapenems","R - resistant isolates, percentage  ","%","2013","FI","Finland",0.000000000,""
"Antimicrobial resistance","Klebsiella pneumoniae|Carbapenems","R - resistant isolates, percentage  ","%","2013","FR","France",0.651465790,""
"Antimicrobial resistance","Klebsiella pneumoniae|Carbapenems","R - resistant isolates, percentage  ","%","2013","HR","Croatia",0.531914890,""
"Antimicrobial resistance","Klebsiella pneumoniae|Carbapenems","R - resistant isolates, percentage  ","%","2013","HU","Hungary",1.694915250,""
"Antimicrobial resistance","Klebsiella pneumoniae|Carbapenems","R - resistant isolates, percentage  ","%","2013","IE","Ireland",0.315457410,""
"Antimicrobial resistance","Klebsiella pneumoniae|Carbapenems","R - resistant isolates, percentage  ","%","2013","IT","Italy",34.342739160,""
"Antimicrobial resistance","Klebsiella pneumoniae|Carbapenems","R - resistant isolates, percentage  ","%","2013","LT","Lithuania",0.000000000,""
"Antimicrobial resistance","Klebsiella pneumoniae|Carbapenems","R - resistant isolates, percentage  ","%","2013","LU","Luxembourg",1.886792450,""
"Antimicrobial resistance","Klebsiella pneumoniae|Carbapenems","R - resistant isolates, percentage  ","%","2013","LV","Latvia",0.000000000,""
"Antimicrobial resistance","Klebsiella pneumoniae|Carbapenems","R - resistant isolates, percentage  ","%","2013","MT","Malta",5.970149250,""
"Antimicrobial resistance","Klebsiella pneumoniae|Carbapenems","R - resistant isolates, percentage  ","%","2013","NL","Netherlands",0.189573450,""
"Antimicrobial resistance","Klebsiella pneumoniae|Carbapenems","R - resistant isolates, percentage  ","%","2013","NO","Norway",0.155038750,""
"Antimicrobial resistance","Klebsiella pneumoniae|Carbapenems","R - resistant isolates, percentage  ","%","2013","PL","Poland",0.810810810,""
"Antimicrobial resistance","Klebsiella pneumoniae|Carbapenems","R - resistant isolates, percentage  ","%","2013","PT","Portugal",1.769911500,""
"Antimicrobial resistance","Klebsiella pneumoniae|Carbapenems","R - resistant isolates, percentage  ","%","2013","RO","Romania",20.465116270,""
"Antimicrobial resistance","Klebsiella pneumoniae|Carbapenems","R - resistant isolates, percentage  ","%","2013","SE","Sweden",0.000000000,""
"Antimicrobial resistance","Klebsiella pneumoniae|Carbapenems","R - resistant isolates, percentage  ","%","2013","SI","Slovenia",0.408163260,""
"Antimicrobial resistance","Klebsiella pneumoniae|Carbapenems","R - resistant isolates, percentage  ","%","2013","SK","Slovakia",0.584795320,""
"Antimicrobial resistance","Klebsiella pneumoniae|Carbapenems","R - resistant isolates, percentage  ","%","2013","UK","United Kingdom",0.475737390,""
"Antimicrobial resistance","Klebsiella pneumoniae|Carbapenems","R - resistant isolates, percentage  ","%","2014","AT","Austria",0.617919670,""
"Antimicrobial resistance","Klebsiella pneumoniae|Carbapenems","R - resistant isolates, percentage  ","%","2014","BE","Belgium",0.466200460,""
"Antimicrobial resistance","Klebsiella pneumoniae|Carbapenems","R - resistant isolates, percentage  ","%","2014","BG","Bulgaria",7.194244600,""
"Antimicrobial resistance","Klebsiella pneumoniae|Carbapenems","R - resistant isolates, percentage  ","%","2014","CY","Cyprus",5.000000000,""
"Antimicrobial resistance","Klebsiella pneumoniae|Carbapenems","R - resistant isolates, percentage  ","%","2014","CZ","Czechia",0.087108010,""
"Antimicrobial resistance","Klebsiella pneumoniae|Carbapenems","R - resistant isolates, percentage  ","%","2014","DE","Germany",0.695825040,""
"Antimicrobial resistance","Klebsiella pneumoniae|Carbapenems","R - resistant isolates, percentage  ","%","2014","DK","Denmark",0.240963850,""
"Antimicrobial resistance","Klebsiella pneumoniae|Carbapenems","R - resistant isolates, percentage  ","%","2014","EE","Estonia",0.000000000,""
"Antimicrobial resistance","Klebsiella pneumoniae|Carbapenems","R - resistant isolates, percentage  ","%","2014","EL","Greece",62.316176470,""
"Antimicrobial resistance","Klebsiella pneumoniae|Carbapenems","R - resistant isolates, percentage  ","%","2014","ES","Spain",2.290679300,""
"Antimicrobial resistance","Klebsiella pneumoniae|Carbapenems","R - resistant isolates, percentage  ","%","2014","FI","Finland",0.000000000,""
"Antimicrobial resistance","Klebsiella pneumoniae|Carbapenems","R - resistant isolates, percentage  ","%","2014","FR","France",0.475511170,""
"Antimicrobial resistance","Klebsiella pneumoniae|Carbapenems","R - resistant isolates, percentage  ","%","2014","HR","Croatia",0.898203590,""
"Antimicrobial resistance","Klebsiella pneumoniae|Carbapenems","R - resistant isolates, percentage  ","%","2014","HU","Hungary",1.127214170,""
"Antimicrobial resistance","Klebsiella pneumoniae|Carbapenems","R - resistant isolates, percentage  ","%","2014","IE","Ireland",0.566572230,""
"Antimicrobial resistance","Klebsiella pneumoniae|Carbapenems","R - resistant isolates, percentage  ","%","2014","IT","Italy",32.927756650,""
"Antimicrobial resistance","Klebsiella pneumoniae|Carbapenems","R - resistant isolates, percentage  ","%","2014","LT","Lithuania",1.298701290,""
"Antimicrobial resistance","Klebsiella pneumoniae|Carbapenems","R - resistant isolates, percentage  ","%","2014","LU","Luxembourg",1.515151510,""
"Antimicrobial resistance","Klebsiella pneumoniae|Carbapenems","R - resistant isolates, percentage  ","%","2014","LV","Latvia",1.694915250,""
"Antimicrobial resistance","Klebsiella pneumoniae|Carbapenems","R - resistant isolates, percentage  ","%","2014","MT","Malta",9.090909090,""
"Antimicrobial resistance","Klebsiella pneumoniae|Carbapenems","R - resistant isolates, percentage  ","%","2014","NL","Netherlands",0.267141580,""
"Antimicrobial resistance","Klebsiella pneumoniae|Carbapenems","R - resistant isolates, percentage  ","%","2014","NO","Norway",0.000000000,""
"Antimicrobial resistance","Klebsiella pneumoniae|Carbapenems","R - resistant isolates, percentage  ","%","2014","PL","Poland",1.330376940,""
"Antimicrobial resistance","Klebsiella pneumoniae|Carbapenems","R - resistant isolates, percentage  ","%","2014","PT","Portugal",1.763668430,""
"Antimicrobial resistance","Klebsiella pneumoniae|Carbapenems","R - resistant isolates, percentage  ","%","2014","RO","Romania",31.517509720,""
"Antimicrobial resistance","Klebsiella pneumoniae|Carbapenems","R - resistant isolates, percentage  ","%","2014","SE","Sweden",0.000000000,""
"Antimicrobial resistance","Klebsiella pneumoniae|Carbapenems","R - resistant isolates, percentage  ","%","2014","SI","Slovenia",0.858369090,""
"Antimicrobial resistance","Klebsiella pneumoniae|Carbapenems","R - resistant isolates, percentage  ","%","2014","SK","Slovakia",2.631578940,""
"Antimicrobial resistance","Klebsiella pneumoniae|Carbapenems","R - resistant isolates, percentage  ","%","2014","UK","United Kingdom",0.841908320,""
"Antimicrobial resistance","Klebsiella pneumoniae|Carbapenems","R - resistant isolates, percentage  ","%","2015","AT","Austria",0.782778860,""
"Antimicrobial resistance","Klebsiella pneumoniae|Carbapenems","R - resistant isolates, percentage  ","%","2015","BE","Belgium",0.514138810,""
"Antimicrobial resistance","Klebsiella pneumoniae|Carbapenems","R - resistant isolates, percentage  ","%","2015","BG","Bulgaria",3.157894730,""
"Antimicrobial resistance","Klebsiella pneumoniae|Carbapenems","R - resistant isolates, percentage  ","%","2015","CY","Cyprus",12.903225800,""
"Antimicrobial resistance","Klebsiella pneumoniae|Carbapenems","R - resistant isolates, percentage  ","%","2015","CZ","Czechia",0.272727270,""
"Antimicrobial resistance","Klebsiella pneumoniae|Carbapenems","R - resistant isolates, percentage  ","%","2015","DE","Germany",0.126342380,""
"Antimicrobial resistance","Klebsiella pneumoniae|Carbapenems","R - resistant isolates, percentage  ","%","2015","DK","Denmark",0.000000000,""
"Antimicrobial resistance","Klebsiella pneumoniae|Carbapenems","R - resistant isolates, percentage  ","%","2015","EE","Estonia",0.000000000,""
"Antimicrobial resistance","Klebsiella pneumoniae|Carbapenems","R - resistant isolates, percentage  ","%","2015","EL","Greece",61.940928270,""
"Antimicrobial resistance","Klebsiella pneumoniae|Carbapenems","R - resistant isolates, percentage  ","%","2015","ES","Spain",2.157788260,""
"Antimicrobial resistance","Klebsiella pneumoniae|Carbapenems","R - resistant isolates, percentage  ","%","2015","FI","Finland",0.000000000,""
"Antimicrobial resistance","Klebsiella pneumoniae|Carbapenems","R - resistant isolates, percentage  ","%","2015","FR","France",0.490196070,""
"Antimicrobial resistance","Klebsiella pneumoniae|Carbapenems","R - resistant isolates, percentage  ","%","2015","HR","Croatia",2.368421050,""
"Antimicrobial resistance","Klebsiella pneumoniae|Carbapenems","R - resistant isolates, percentage  ","%","2015","HU","Hungary",0.145560400,""
"Antimicrobial resistance","Klebsiella pneumoniae|Carbapenems","R - resistant isolates, percentage  ","%","2015","IE","Ireland",0.514138810,""
"Antimicrobial resistance","Klebsiella pneumoniae|Carbapenems","R - resistant isolates, percentage  ","%","2015","IS","Iceland",-,""
"Antimicrobial resistance","Klebsiella pneumoniae|Carbapenems","R - resistant isolates, percentage  ","%","2015","IT","Italy",33.516758370,""
"Antimicrobial resistance","Klebsiella pneumoniae|Carbapenems","R - resistant isolates, percentage  ","%","2015","LT","Lithuania",0.000000000,""
"Antimicrobial resistance","Klebsiella pneumoniae|Carbapenems","R - resistant isolates, percentage  ","%","2015","LU","Luxembourg",0.000000000,""
"Antimicrobial resistance","Klebsiella pneumoniae|Carbapenems","R - resistant isolates, percentage  ","%","2015","LV","Latvia",0.000000000,""
"Antimicrobial resistance","Klebsiella pneumoniae|Carbapenems","R - resistant isolates, percentage  ","%","2015","MT","Malta",4.545454540,""
"Antimicrobial resistance","Klebsiella pneumoniae|Carbapenems","R - resistant isolates, percentage  ","%","2015","NL","Netherlands",0.167084370,""
"Antimicrobial resistance","Klebsiella pneumoniae|Carbapenems","R - resistant isolates, percentage  ","%","2015","NO","Norway",0.142857140,""
"Antimicrobial resistance","Klebsiella pneumoniae|Carbapenems","R - resistant isolates, percentage  ","%","2015","PL","Poland",0.454545450,""
"Antimicrobial resistance","Klebsiella pneumoniae|Carbapenems","R - resistant isolates, percentage  ","%","2015","PT","Portugal",3.357314140,""
"Antimicrobial resistance","Klebsiella pneumoniae|Carbapenems","R - resistant isolates, percentage  ","%","2015","RO","Romania",24.723247230,""
"Antimicrobial resistance","Klebsiella pneumoniae|Carbapenems","R - resistant isolates, percentage  ","%","2015","SE","Sweden",0.000000000,""
"Antimicrobial resistance","Klebsiella pneumoniae|Carbapenems","R - resistant isolates, percentage  ","%","2015","SI","Slovenia",1.265822780,""
"Antimicrobial resistance","Klebsiella pneumoniae|Carbapenems","R - resistant isolates, percentage  ","%","2015","SK","Slovakia",0.917431190,""
"Antimicrobial resistance","Klebsiella pneumoniae|Carbapenems","R - resistant isolates, percentage  ","%","2015","UK","United Kingdom",0.415800410,""
"Antimicrobial resistance","Klebsiella pneumoniae|Carbapenems","R - resistant isolates, percentage  ","%","2016","AT","Austria",0.667779630,""
"Antimicrobial resistance","Klebsiella pneumoniae|Carbapenems","R - resistant isolates, percentage  ","%","2016","BE","Belgium",2.391629290,""
"Antimicrobial resistance","Klebsiella pneumoniae|Carbapenems","R - resistant isolates, percentage  ","%","2016","BG","Bulgaria",4.402515720,""
"Antimicrobial resistance","Klebsiella pneumoniae|Carbapenems","R - resistant isolates, percentage  ","%","2016","CY","Cyprus",10.666666660,""
"Antimicrobial resistance","Klebsiella pneumoniae|Carbapenems","R - resistant isolates, percentage  ","%","2016","CZ","Czechia",0.000000000,""
"Antimicrobial resistance","Klebsiella pneumoniae|Carbapenems","R - resistant isolates, percentage  ","%","2016","DE","Germany",0.488917860,""
"Antimicrobial resistance","Klebsiella pneumoniae|Carbapenems","R - resistant isolates, percentage  ","%","2016","DK","Denmark",0.268096510,""
"Antimicrobial resistance","Klebsiella pneumoniae|Carbapenems","R - resistant isolates, percentage  ","%","2016","EE","Estonia",0.000000000,""
"Antimicrobial resistance","Klebsiella pneumoniae|Carbapenems","R - resistant isolates, percentage  ","%","2016","EL","Greece",66.864406770,""
"Antimicrobial resistance","Klebsiella pneumoniae|Carbapenems","R - resistant isolates, percentage  ","%","2016","ES","Spain",2.087060220,""
"Antimicrobial resistance","Klebsiella pneumoniae|Carbapenems","R - resistant isolates, percentage  ","%","2016","FI","Finland",0.259740250,""
"Antimicrobial resistance","Klebsiella pneumoniae|Carbapenems","R - resistant isolates, percentage  ","%","2016","FR","France",0.395569620,""
"Antimicrobial resistance","Klebsiella pneumoniae|Carbapenems","R - resistant isolates, percentage  ","%","2016","HR","Croatia",0.000000000,""
"Antimicrobial resistance","Klebsiella pneumoniae|Carbapenems","R - resistant isolates, percentage  ","%","2016","HU","Hungary",0.426742530,""
"Antimicrobial resistance","Klebsiella pneumoniae|Carbapenems","R - resistant isolates, percentage  ","%","2016","IE","Ireland",0.662251650,""
"Antimicrobial resistance","Klebsiella pneumoniae|Carbapenems","R - resistant isolates, percentage  ","%","2016","IS","Iceland",-,""
"Antimicrobial resistance","Klebsiella pneumoniae|Carbapenems","R - resistant isolates, percentage  ","%","2016","IT","Italy",33.940182050,""
"Antimicrobial resistance","Klebsiella pneumoniae|Carbapenems","R - resistant isolates, percentage  ","%","2016","LT","Lithuania",0.000000000,""
"Antimicrobial resistance","Klebsiella pneumoniae|Carbapenems","R - resistant isolates, percentage  ","%","2016","LU","Luxembourg",0.000000000,""
"Antimicrobial resistance","Klebsiella pneumoniae|Carbapenems","R - resistant isolates, percentage  ","%","2016","LV","Latvia",2.222222220,""
"Antimicrobial resistance","Klebsiella pneumoniae|Carbapenems","R - resistant isolates, percentage  ","%","2016","MT","Malta",5.882352940,""
"Antimicrobial resistance","Klebsiella pneumoniae|Carbapenems","R - resistant isolates, percentage  ","%","2016","NL","Netherlands",0.075930140,""
"Antimicrobial resistance","Klebsiella pneumoniae|Carbapenems","R - resistant isolates, percentage  ","%","2016","NO","Norway",0.000000000,""
"Antimicrobial resistance","Klebsiella pneumoniae|Carbapenems","R - resistant isolates, percentage  ","%","2016","PL","Poland",2.137132680,""
"Antimicrobial resistance","Klebsiella pneumoniae|Carbapenems","R - resistant isolates, percentage  ","%","2016","PT","Portugal",5.170940170,""
"Antimicrobial resistance","Klebsiella pneumoniae|Carbapenems","R - resistant isolates, percentage  ","%","2016","RO","Romania",31.437125740,""
"Antimicrobial resistance","Klebsiella pneumoniae|Carbapenems","R - resistant isolates, percentage  ","%","2016","SE","Sweden",0.130633570,""
"Antimicrobial resistance","Klebsiella pneumoniae|Carbapenems","R - resistant isolates, percentage  ","%","2016","SI","Slovenia",0.000000000,""
"Antimicrobial resistance","Klebsiella pneumoniae|Carbapenems","R - resistant isolates, percentage  ","%","2016","SK","Slovakia",2.528735630,""
"Antimicrobial resistance","Klebsiella pneumoniae|Carbapenems","R - resistant isolates, percentage  ","%","2016","UK","United Kingdom",0.270403140,""
"Antimicrobial resistance","Klebsiella pneumoniae|Carbapenems","R - resistant isolates, percentage  ","%","2017","AT","Austria",0.991884580,""
"Antimicrobial resistance","Klebsiella pneumoniae|Carbapenems","R - resistant isolates, percentage  ","%","2017","BE","Belgium",1.137800250,""
"Antimicrobial resistance","Klebsiella pneumoniae|Carbapenems","R - resistant isolates, percentage  ","%","2017","BG","Bulgaria",12.426035500,""
"Antimicrobial resistance","Klebsiella pneumoniae|Carbapenems","R - resistant isolates, percentage  ","%","2017","CY","Cyprus",15.492957740,""
"Antimicrobial resistance","Klebsiella pneumoniae|Carbapenems","R - resistant isolates, percentage  ","%","2017","CZ","Czechia",0.380589910,""
"Antimicrobial resistance","Klebsiella pneumoniae|Carbapenems","R - resistant isolates, percentage  ","%","2017","DE","Germany",0.466683950,""
"Antimicrobial resistance","Klebsiella pneumoniae|Carbapenems","R - resistant isolates, percentage  ","%","2017","DK","Denmark",0.253164550,""
"Antimicrobial resistance","Klebsiella pneumoniae|Carbapenems","R - resistant isolates, percentage  ","%","2017","EE","Estonia",0.000000000,""
"Antimicrobial resistance","Klebsiella pneumoniae|Carbapenems","R - resistant isolates, percentage  ","%","2017","EL","Greece",64.710198090,""
"Antimicrobial resistance","Klebsiella pneumoniae|Carbapenems","R - resistant isolates, percentage  ","%","2017","ES","Spain",2.781456950,""
"Antimicrobial resistance","Klebsiella pneumoniae|Carbapenems","R - resistant isolates, percentage  ","%","2017","FI","Finland",0.263852240,""
"Antimicrobial resistance","Klebsiella pneumoniae|Carbapenems","R - resistant isolates, percentage  ","%","2017","FR","France",0.676879230,""
"Antimicrobial resistance","Klebsiella pneumoniae|Carbapenems","R - resistant isolates, percentage  ","%","2017","HR","Croatia",0.000000000,""
"Antimicrobial resistance","Klebsiella pneumoniae|Carbapenems","R - resistant isolates, percentage  ","%","2017","HU","Hungary",0.293685750,""
"Antimicrobial resistance","Klebsiella pneumoniae|Carbapenems","R - resistant isolates, percentage  ","%","2017","IE","Ireland",0.209205020,""
"Antimicrobial resistance","Klebsiella pneumoniae|Carbapenems","R - resistant isolates, percentage  ","%","2017","IT","Italy",29.688686400,""
"Antimicrobial resistance","Klebsiella pneumoniae|Carbapenems","R - resistant isolates, percentage  ","%","2017","LT","Lithuania",0.615384610,""
"Antimicrobial resistance","Klebsiella pneumoniae|Carbapenems","R - resistant isolates, percentage  ","%","2017","LU","Luxembourg",0.000000000,""
"Antimicrobial resistance","Klebsiella pneumoniae|Carbapenems","R - resistant isolates, percentage  ","%","2017","LV","Latvia",1.724137930,""
"Antimicrobial resistance","Klebsiella pneumoniae|Carbapenems","R - resistant isolates, percentage  ","%","2017","MT","Malta",10.256410250,""
"Antimicrobial resistance","Klebsiella pneumoniae|Carbapenems","R - resistant isolates, percentage  ","%","2017","NL","Netherlands",0.451127810,""
"Antimicrobial resistance","Klebsiella pneumoniae|Carbapenems","R - resistant isolates, percentage  ","%","2017","NO","Norway",0.000000000,""
"Antimicrobial resistance","Klebsiella pneumoniae|Carbapenems","R - resistant isolates, percentage  ","%","2017","PL","Poland",6.373815670,""
"Antimicrobial resistance","Klebsiella pneumoniae|Carbapenems","R - resistant isolates, percentage  ","%","2017","PT","Portugal",8.639705880,""
"Antimicrobial resistance","Klebsiella pneumoniae|Carbapenems","R - resistant isolates, percentage  ","%","2017","RO","Romania",22.455089820,""
"Antimicrobial resistance","Klebsiella pneumoniae|Carbapenems","R - resistant isolates, percentage  ","%","2017","SE","Sweden",0.096805420,""
"Antimicrobial resistance","Klebsiella pneumoniae|Carbapenems","R - resistant isolates, percentage  ","%","2017","SI","Slovenia",0.000000000,""
"Antimicrobial resistance","Klebsiella pneumoniae|Carbapenems","R - resistant isolates, percentage  ","%","2017","SK","Slovakia",4.444444440,""
"Antimicrobial resistance","Klebsiella pneumoniae|Carbapenems","R - resistant isolates, percentage  ","%","2017","UK","United Kingdom",0.587789150,""
"Antimicrobial resistance","Klebsiella pneumoniae|Carbapenems","R - resistant isolates, percentage  ","%","2018","AT","Austria",1.013513510,""
"Antimicrobial resistance","Klebsiella pneumoniae|Carbapenems","R - resistant isolates, percentage  ","%","2018","BE","Belgium",1.390374330,""
"Antimicrobial resistance","Klebsiella pneumoniae|Carbapenems","R - resistant isolates, percentage  ","%","2018","BG","Bulgaria",21.243523310,""
"Antimicrobial resistance","Klebsiella pneumoniae|Carbapenems","R - resistant isolates, percentage  ","%","2018","CY","Cyprus",21.839080450,""
"Antimicrobial resistance","Klebsiella pneumoniae|Carbapenems","R - resistant isolates, percentage  ","%","2018","CZ","Czechia",0.251256280,""
"Antimicrobial resistance","Klebsiella pneumoniae|Carbapenems","R - resistant isolates, percentage  ","%","2018","DE","Germany",0.428427410,""
"Antimicrobial resistance","Klebsiella pneumoniae|Carbapenems","R - resistant isolates, percentage  ","%","2018","DK","Denmark",0.541027950,""
"Antimicrobial resistance","Klebsiella pneumoniae|Carbapenems","R - resistant isolates, percentage  ","%","2018","EE","Estonia",0.558659210,""
"Antimicrobial resistance","Klebsiella pneumoniae|Carbapenems","R - resistant isolates, percentage  ","%","2018","EL","Greece",63.885180240,""
"Antimicrobial resistance","Klebsiella pneumoniae|Carbapenems","R - resistant isolates, percentage  ","%","2018","ES","Spain",3.809523800,""
"Antimicrobial resistance","Klebsiella pneumoniae|Carbapenems","R - resistant isolates, percentage  ","%","2018","FI","Finland",0.617283950,""
"Antimicrobial resistance","Klebsiella pneumoniae|Carbapenems","R - resistant isolates, percentage  ","%","2018","FR","France",0.500333550,""
"Antimicrobial resistance","Klebsiella pneumoniae|Carbapenems","R - resistant isolates, percentage  ","%","2018","HR","Croatia",2.153846150,""
"Antimicrobial resistance","Klebsiella pneumoniae|Carbapenems","R - resistant isolates, percentage  ","%","2018","HU","Hungary",0.241837960,""
"Antimicrobial resistance","Klebsiella pneumoniae|Carbapenems","R - resistant isolates, percentage  ","%","2018","IE","Ireland",0.622406630,""
"Antimicrobial resistance","Klebsiella pneumoniae|Carbapenems","R - resistant isolates, percentage  ","%","2018","IS","Iceland",-,""
"Antimicrobial resistance","Klebsiella pneumoniae|Carbapenems","R - resistant isolates, percentage  ","%","2018","IT","Italy",26.784452290,""
"Antimicrobial resistance","Klebsiella pneumoniae|Carbapenems","R - resistant isolates, percentage  ","%","2018","LT","Lithuania",0.269541770,""
"Antimicrobial resistance","Klebsiella pneumoniae|Carbapenems","R - resistant isolates, percentage  ","%","2018","LU","Luxembourg",0.000000000,""
"Antimicrobial resistance","Klebsiella pneumoniae|Carbapenems","R - resistant isolates, percentage  ","%","2018","LV","Latvia",0.490196070,""
"Antimicrobial resistance","Klebsiella pneumoniae|Carbapenems","R - resistant isolates, percentage  ","%","2018","MT","Malta",15.441176470,""
"Antimicrobial resistance","Klebsiella pneumoniae|Carbapenems","R - resistant isolates, percentage  ","%","2018","NL","Netherlands",0.460526310,""
"Antimicrobial resistance","Klebsiella pneumoniae|Carbapenems","R - resistant isolates, percentage  ","%","2018","NO","Norway",0.135869560,""
"Antimicrobial resistance","Klebsiella pneumoniae|Carbapenems","R - resistant isolates, percentage  ","%","2018","PL","Poland",8.114961960,""
"Antimicrobial resistance","Klebsiella pneumoniae|Carbapenems","R - resistant isolates, percentage  ","%","2018","PT","Portugal",11.705033160,""
"Antimicrobial resistance","Klebsiella pneumoniae|Carbapenems","R - resistant isolates, percentage  ","%","2018","RO","Romania",29.478458040,""
"Antimicrobial resistance","Klebsiella pneumoniae|Carbapenems","R - resistant isolates, percentage  ","%","2018","SE","Sweden",0.183823520,""
"Antimicrobial resistance","Klebsiella pneumoniae|Carbapenems","R - resistant isolates, percentage  ","%","2018","SI","Slovenia",0.692041520,""
"Antimicrobial resistance","Klebsiella pneumoniae|Carbapenems","R - resistant isolates, percentage  ","%","2018","SK","Slovakia",3.483606550,""
"Antimicrobial resistance","Klebsiella pneumoniae|Carbapenems","R - resistant isolates, percentage  ","%","2018","UK","United Kingdom",0.697424890,""
"Antimicrobial resistance","Klebsiella pneumoniae|Carbapenems","R - resistant isolates, percentage  ","%","2019","AT","Austria",1.234567900,""
"Antimicrobial resistance","Klebsiella pneumoniae|Carbapenems","R - resistant isolates, percentage  ","%","2019","BE","Belgium",1.056803170,""
"Antimicrobial resistance","Klebsiella pneumoniae|Carbapenems","R - resistant isolates, percentage  ","%","2019","BG","Bulgaria",26.966292130,""
"Antimicrobial resistance","Klebsiella pneumoniae|Carbapenems","R - resistant isolates, percentage  ","%","2019","CY","Cyprus",13.333333330,""
"Antimicrobial resistance","Klebsiella pneumoniae|Carbapenems","R - resistant isolates, percentage  ","%","2019","CZ","Czechia",0.608828000,""
"Antimicrobial resistance","Klebsiella pneumoniae|Carbapenems","R - resistant isolates, percentage  ","%","2019","DE","Germany",0.932598550,""
"Antimicrobial resistance","Klebsiella pneumoniae|Carbapenems","R - resistant isolates, percentage  ","%","2019","DK","Denmark",0.294985250,""
"Antimicrobial resistance","Klebsiella pneumoniae|Carbapenems","R - resistant isolates, percentage  ","%","2019","EE","Estonia",0.000000000,""
"Antimicrobial resistance","Klebsiella pneumoniae|Carbapenems","R - resistant isolates, percentage  ","%","2019","EL","Greece",58.333333330,""
"Antimicrobial resistance","Klebsiella pneumoniae|Carbapenems","R - resistant isolates, percentage  ","%","2019","ES","Spain",4.795663050,""
"Antimicrobial resistance","Klebsiella pneumoniae|Carbapenems","R - resistant isolates, percentage  ","%","2019","FI","Finland",0.352941170,""
"Antimicrobial resistance","Klebsiella pneumoniae|Carbapenems","R - resistant isolates, percentage  ","%","2019","FR","France",0.999000990,""
"Antimicrobial resistance","Klebsiella pneumoniae|Carbapenems","R - resistant isolates, percentage  ","%","2019","HR","Croatia",12.000000000,""
"Antimicrobial resistance","Klebsiella pneumoniae|Carbapenems","R - resistant isolates, percentage  ","%","2019","HU","Hungary",0.898876400,""
"Antimicrobial resistance","Klebsiella pneumoniae|Carbapenems","R - resistant isolates, percentage  ","%","2019","IE","Ireland",0.948766600,""
"Antimicrobial resistance","Klebsiella pneumoniae|Carbapenems","R - resistant isolates, percentage  ","%","2019","IT","Italy",28.477815690,""
"Antimicrobial resistance","Klebsiella pneumoniae|Carbapenems","R - resistant isolates, percentage  ","%","2019","LT","Lithuania",3.424657530,""
"Antimicrobial resistance","Klebsiella pneumoniae|Carbapenems","R - resistant isolates, percentage  ","%","2019","LU","Luxembourg",0.970873780,""
"Antimicrobial resistance","Klebsiella pneumoniae|Carbapenems","R - resistant isolates, percentage  ","%","2019","LV","Latvia",0.000000000,""
"Antimicrobial resistance","Klebsiella pneumoniae|Carbapenems","R - resistant isolates, percentage  ","%","2019","MT","Malta",7.751937980,""
"Antimicrobial resistance","Klebsiella pneumoniae|Carbapenems","R - resistant isolates, percentage  ","%","2019","NL","Netherlands",0.209351010,""
"Antimicrobial resistance","Klebsiella pneumoniae|Carbapenems","R - resistant isolates, percentage  ","%","2019","NO","Norway",0.242130750,""
"Antimicrobial resistance","Klebsiella pneumoniae|Carbapenems","R - resistant isolates, percentage  ","%","2019","PL","Poland",7.705627700,""
"Antimicrobial resistance","Klebsiella pneumoniae|Carbapenems","R - resistant isolates, percentage  ","%","2019","PT","Portugal",10.855018580,""
"Antimicrobial resistance","Klebsiella pneumoniae|Carbapenems","R - resistant isolates, percentage  ","%","2019","RO","Romania",32.340425530,""
"Antimicrobial resistance","Klebsiella pneumoniae|Carbapenems","R - resistant isolates, percentage  ","%","2019","SE","Sweden",0.111544890,""
"Antimicrobial resistance","Klebsiella pneumoniae|Carbapenems","R - resistant isolates, percentage  ","%","2019","SI","Slovenia",0.330033000,""
"Antimicrobial resistance","Klebsiella pneumoniae|Carbapenems","R - resistant isolates, percentage  ","%","2019","SK","Slovakia",4.558404550,""
"Antimicrobial resistance","Klebsiella pneumoniae|Carbapenems","R - resistant isolates, percentage  ","%","2019","UK","United Kingdom",0.663507100,""
"Antimicrobial resistance","Klebsiella pneumoniae|Carbapenems","R - resistant isolates, percentage  ","%","2020","AT","Austria",0.947867290,""
"Antimicrobial resistance","Klebsiella pneumoniae|Carbapenems","R - resistant isolates, percentage  ","%","2020","BE","Belgium",1.135073770,""
"Antimicrobial resistance","Klebsiella pneumoniae|Carbapenems","R - resistant isolates, percentage  ","%","2020","BG","Bulgaria",28.112449790,""
"Antimicrobial resistance","Klebsiella pneumoniae|Carbapenems","R - resistant isolates, percentage  ","%","2020","CY","Cyprus",19.767441860,""
"Antimicrobial resistance","Klebsiella pneumoniae|Carbapenems","R - resistant isolates, percentage  ","%","2020","CZ","Czechia",0.487012980,""
"Antimicrobial resistance","Klebsiella pneumoniae|Carbapenems","R - resistant isolates, percentage  ","%","2020","DE","Germany",0.484059420,""
"Antimicrobial resistance","Klebsiella pneumoniae|Carbapenems","R - resistant isolates, percentage  ","%","2020","DK","Denmark",0.778485490,""
"Antimicrobial resistance","Klebsiella pneumoniae|Carbapenems","R - resistant isolates, percentage  ","%","2020","EE","Estonia",0.000000000,""
"Antimicrobial resistance","Klebsiella pneumoniae|Carbapenems","R - resistant isolates, percentage  ","%","2020","EL","Greece",66.253443520,""
"Antimicrobial resistance","Klebsiella pneumoniae|Carbapenems","R - resistant isolates, percentage  ","%","2020","ES","Spain",4.667863550,""
"Antimicrobial resistance","Klebsiella pneumoniae|Carbapenems","R - resistant isolates, percentage  ","%","2020","FI","Finland",0.110987790,""
"Antimicrobial resistance","Klebsiella pneumoniae|Carbapenems","R - resistant isolates, percentage  ","%","2020","FR","France",0.542118430,""
"Antimicrobial resistance","Klebsiella pneumoniae|Carbapenems","R - resistant isolates, percentage  ","%","2020","HR","Croatia",19.101123590,""
"Antimicrobial resistance","Klebsiella pneumoniae|Carbapenems","R - resistant isolates, percentage  ","%","2020","HU","Hungary",0.693481270,""
"Antimicrobial resistance","Klebsiella pneumoniae|Carbapenems","R - resistant isolates, percentage  ","%","2020","IE","Ireland",0.419287210,""
"Antimicrobial resistance","Klebsiella pneumoniae|Carbapenems","R - resistant isolates, percentage  ","%","2020","IS","Iceland",0.000000000,""
"Antimicrobial resistance","Klebsiella pneumoniae|Carbapenems","R - resistant isolates, percentage  ","%","2020","IT","Italy",29.506812970,""
"Antimicrobial resistance","Klebsiella pneumoniae|Carbapenems","R - resistant isolates, percentage  ","%","2020","LT","Lithuania",2.905569000,""
"Antimicrobial resistance","Klebsiella pneumoniae|Carbapenems","R - resistant isolates, percentage  ","%","2020","LU","Luxembourg",1.149425280,""
"Antimicrobial resistance","Klebsiella pneumoniae|Carbapenems","R - resistant isolates, percentage  ","%","2020","LV","Latvia",1.058201050,""
"Antimicrobial resistance","Klebsiella pneumoniae|Carbapenems","R - resistant isolates, percentage  ","%","2020","MT","Malta",7.575757570,""
"Antimicrobial resistance","Klebsiella pneumoniae|Carbapenems","R - resistant isolates, percentage  ","%","2020","NL","Netherlands",0.071633230,""
"Antimicrobial resistance","Klebsiella pneumoniae|Carbapenems","R - resistant isolates, percentage  ","%","2020","NO","Norway",0.145560400,""
"Antimicrobial resistance","Klebsiella pneumoniae|Carbapenems","R - resistant isolates, percentage  ","%","2020","PL","Poland",8.193668520,""
"Antimicrobial resistance","Klebsiella pneumoniae|Carbapenems","R - resistant isolates, percentage  ","%","2020","PT","Portugal",11.582733810,""
"Antimicrobial resistance","Klebsiella pneumoniae|Carbapenems","R - resistant isolates, percentage  ","%","2020","RO","Romania",48.312236280,""
"Antimicrobial resistance","Klebsiella pneumoniae|Carbapenems","R - resistant isolates, percentage  ","%","2020","SE","Sweden",0.271296790,""
"Antimicrobial resistance","Klebsiella pneumoniae|Carbapenems","R - resistant isolates, percentage  ","%","2020","SI","Slovenia",0.000000000,""
"Antimicrobial resistance","Klebsiella pneumoniae|Carbapenems","R - resistant isolates, percentage  ","%","2020","SK","Slovakia",8.163265300,""
"Antimicrobial resistance","Klebsiella pneumoniae|Carbapenems","R - resistant isolates, percentage  ","%","2021","AT","Austria",0.976403580,""
"Antimicrobial resistance","Klebsiella pneumoniae|Carbapenems","R - resistant isolates, percentage  ","%","2021","BE","Belgium",1.403887680,""
"Antimicrobial resistance","Klebsiella pneumoniae|Carbapenems","R - resistant isolates, percentage  ","%","2021","BG","Bulgaria",46.280991730,""
"Antimicrobial resistance","Klebsiella pneumoniae|Carbapenems","R - resistant isolates, percentage  ","%","2021","CY","Cyprus",26.241134750,""
"Antimicrobial resistance","Klebsiella pneumoniae|Carbapenems","R - resistant isolates, percentage  ","%","2021","CZ","Czechia",1.038575660,""
"Antimicrobial resistance","Klebsiella pneumoniae|Carbapenems","R - resistant isolates, percentage  ","%","2021","DE","Germany",0.795350260,""
"Antimicrobial resistance","Klebsiella pneumoniae|Carbapenems","R - resistant isolates, percentage  ","%","2021","DK","Denmark",0.453172200,""
"Antimicrobial resistance","Klebsiella pneumoniae|Carbapenems","R - resistant isolates, percentage  ","%","2021","EE","Estonia",0.917431190,""
"Antimicrobial resistance","Klebsiella pneumoniae|Carbapenems","R - resistant isolates, percentage  ","%","2021","EL","Greece",73.695345550,""
"Antimicrobial resistance","Klebsiella pneumoniae|Carbapenems","R - resistant isolates, percentage  ","%","2021","ES","Spain",5.739036270,""
"Antimicrobial resistance","Klebsiella pneumoniae|Carbapenems","R - resistant isolates, percentage  ","%","2021","FI","Finland",0.000000000,""
"Antimicrobial resistance","Klebsiella pneumoniae|Carbapenems","R - resistant isolates, percentage  ","%","2021","FR","France",0.761582390,""
"Antimicrobial resistance","Klebsiella pneumoniae|Carbapenems","R - resistant isolates, percentage  ","%","2021","HR","Croatia",32.861189800,""
"Antimicrobial resistance","Klebsiella pneumoniae|Carbapenems","R - resistant isolates, percentage  ","%","2021","HU","Hungary",0.915750910,""
"Antimicrobial resistance","Klebsiella pneumoniae|Carbapenems","R - resistant isolates, percentage  ","%","2021","IE","Ireland",0.603621730,""
"Antimicrobial resistance","Klebsiella pneumoniae|Carbapenems","R - resistant isolates, percentage  ","%","2021","IS","Iceland",0.000000000,""
"Antimicrobial resistance","Klebsiella pneumoniae|Carbapenems","R - resistant isolates, percentage  ","%","2021","IT","Italy",27.195345320,""
"Antimicrobial resistance","Klebsiella pneumoniae|Carbapenems","R - resistant isolates, percentage  ","%","2021","LT","Lithuania",0.978473580,""
"Antimicrobial resistance","Klebsiella pneumoniae|Carbapenems","R - resistant isolates, percentage  ","%","2021","LU","Luxembourg",0.990099000,""
"Antimicrobial resistance","Klebsiella pneumoniae|Carbapenems","R - resistant isolates, percentage  ","%","2021","LV","Latvia",1.581027660,""
"Antimicrobial resistance","Klebsiella pneumoniae|Carbapenems","R - resistant isolates, percentage  ","%","2021","MT","Malta",6.666666660,""
"Antimicrobial resistance","Klebsiella pneumoniae|Carbapenems","R - resistant isolates, percentage  ","%","2021","NL","Netherlands",0.236220470,""
"Antimicrobial resistance","Klebsiella pneumoniae|Carbapenems","R - resistant isolates, percentage  ","%","2021","NO","Norway",0.255427840,""
"Antimicrobial resistance","Klebsiella pneumoniae|Carbapenems","R - resistant isolates, percentage  ","%","2021","PL","Poland",19.524142750,""
"Antimicrobial resistance","Klebsiella pneumoniae|Carbapenems","R - resistant isolates, percentage  ","%","2021","PT","Portugal",11.587301580,""
"Antimicrobial resistance","Klebsiella pneumoniae|Carbapenems","R - resistant isolates, percentage  ","%","2021","RO","Romania",54.460966540,""
"Antimicrobial resistance","Klebsiella pneumoniae|Carbapenems","R - resistant isolates, percentage  ","%","2021","SE","Sweden",0.150225330,""
"Antimicrobial resistance","Klebsiella pneumoniae|Carbapenems","R - resistant isolates, percentage  ","%","2021","SI","Slovenia",0.854700850,""
"Antimicrobial resistance","Klebsiella pneumoniae|Carbapenems","R - resistant isolates, percentage  ","%","2021","SK","Slovakia",11.650485430,""
"Antimicrobial resistance","Klebsiella pneumoniae|Carbapenems","R - resistant isolates, percentage  ","%","2022","AT","Austria",0.882117080,""
"Antimicrobial resistance","Klebsiella pneumoniae|Carbapenems","R - resistant isolates, percentage  ","%","2022","BE","Belgium",1.437125740,""
"Antimicrobial resistance","Klebsiella pneumoniae|Carbapenems","R - resistant isolates, percentage  ","%","2022","BG","Bulgaria",47.307692300,""
"Antimicrobial resistance","Klebsiella pneumoniae|Carbapenems","R - resistant isolates, percentage  ","%","2022","CY","Cyprus",36.413043470,""
"Antimicrobial resistance","Klebsiella pneumoniae|Carbapenems","R - resistant isolates, percentage  ","%","2022","CZ","Czechia",1.508295620,""
"Antimicrobial resistance","Klebsiella pneumoniae|Carbapenems","R - resistant isolates, percentage  ","%","2022","DE","Germany",1.074546670,""
"Antimicrobial resistance","Klebsiella pneumoniae|Carbapenems","R - resistant isolates, percentage  ","%","2022","DK","Denmark",0.457317070,""
"Antimicrobial resistance","Klebsiella pneumoniae|Carbapenems","R - resistant isolates, percentage  ","%","2022","EE","Estonia",1.470588230,""
"Antimicrobial resistance","Klebsiella pneumoniae|Carbapenems","R - resistant isolates, percentage  ","%","2022","EL","Greece",72.046589010,""
"Antimicrobial resistance","Klebsiella pneumoniae|Carbapenems","R - resistant isolates, percentage  ","%","2022","ES","Spain",5.245114840,""
"Antimicrobial resistance","Klebsiella pneumoniae|Carbapenems","R - resistant isolates, percentage  ","%","2022","FI","Finland",0.000000000,""
"Antimicrobial resistance","Klebsiella pneumoniae|Carbapenems","R - resistant isolates, percentage  ","%","2022","FR","France",0.966767370,""
"Antimicrobial resistance","Klebsiella pneumoniae|Carbapenems","R - resistant isolates, percentage  ","%","2022","HR","Croatia",23.978201630,""
"Antimicrobial resistance","Klebsiella pneumoniae|Carbapenems","R - resistant isolates, percentage  ","%","2022","HU","Hungary",5.274261600,""
"Antimicrobial resistance","Klebsiella pneumoniae|Carbapenems","R - resistant isolates, percentage  ","%","2022","IE","Ireland",0.641025640,""
"Antimicrobial resistance","Klebsiella pneumoniae|Carbapenems","R - resistant isolates, percentage  ","%","2022","IS","Iceland",0.000000000,""
"Antimicrobial resistance","Klebsiella pneumoniae|Carbapenems","R - resistant isolates, percentage  ","%","2022","IT","Italy",24.897559230,""
"Antimicrobial resistance","Klebsiella pneumoniae|Carbapenems","R - resistant isolates, percentage  ","%","2022","LT","Lithuania",0.580270790,""
"Antimicrobial resistance","Klebsiella pneumoniae|Carbapenems","R - resistant isolates, percentage  ","%","2022","LU","Luxembourg",1.709401700,""
"Antimicrobial resistance","Klebsiella pneumoniae|Carbapenems","R - resistant isolates, percentage  ","%","2022","LV","Latvia",2.777777770,""
"Antimicrobial resistance","Klebsiella pneumoniae|Carbapenems","R - resistant isolates, percentage  ","%","2022","MT","Malta",5.000000000,""
"Antimicrobial resistance","Klebsiella pneumoniae|Carbapenems","R - resistant isolates, percentage  ","%","2022","NL","Netherlands",0.433526010,""
"Antimicrobial resistance","Klebsiella pneumoniae|Carbapenems","R - resistant isolates, percentage  ","%","2022","NO","Norway",0.260078020,""
"Antimicrobial resistance","Klebsiella pneumoniae|Carbapenems","R - resistant isolates, percentage  ","%","2022","PL","Poland",16.816816810,""
"Antimicrobial resistance","Klebsiella pneumoniae|Carbapenems","R - resistant isolates, percentage  ","%","2022","PT","Portugal",10.289608170,""
"Antimicrobial resistance","Klebsiella pneumoniae|Carbapenems","R - resistant isolates, percentage  ","%","2022","RO","Romania",47.846889950,""
"Antimicrobial resistance","Klebsiella pneumoniae|Carbapenems","R - resistant isolates, percentage  ","%","2022","SE","Sweden",0.185013870,""
"Antimicrobial resistance","Klebsiella pneumoniae|Carbapenems","R - resistant isolates, percentage  ","%","2022","SI","Slovenia",1.881720430,""
"Antimicrobial resistance","Klebsiella pneumoniae|Carbapenems","R - resistant isolates, percentage  ","%","2022","SK","Slovakia",15.039577830,""
"Antimicrobial resistance","Klebsiella pneumoniae|Carbapenems","R - resistant isolates, percentage  ","%","2023","AT","Austria",1.797752800,""
"Antimicrobial resistance","Klebsiella pneumoniae|Carbapenems","R - resistant isolates, percentage  ","%","2023","BE","Belgium",2.349336050,""
"Antimicrobial resistance","Klebsiella pneumoniae|Carbapenems","R - resistant isolates, percentage  ","%","2023","BG","Bulgaria",56.790123450,""
"Antimicrobial resistance","Klebsiella pneumoniae|Carbapenems","R - resistant isolates, percentage  ","%","2023","CY","Cyprus",33.636363630,""
"Antimicrobial resistance","Klebsiella pneumoniae|Carbapenems","R - resistant isolates, percentage  ","%","2023","CZ","Czechia",1.457725940,""
"Antimicrobial resistance","Klebsiella pneumoniae|Carbapenems","R - resistant isolates, percentage  ","%","2023","DE","Germany",1.070637460,""
"Antimicrobial resistance","Klebsiella pneumoniae|Carbapenems","R - resistant isolates, percentage  ","%","2023","DK","Denmark",0.377073900,""
"Antimicrobial resistance","Klebsiella pneumoniae|Carbapenems","R - resistant isolates, percentage  ","%","2023","EE","Estonia",2.281368820,""
"Antimicrobial resistance","Klebsiella pneumoniae|Carbapenems","R - resistant isolates, percentage  ","%","2023","EL","Greece",69.664983930,""
"Antimicrobial resistance","Klebsiella pneumoniae|Carbapenems","R - resistant isolates, percentage  ","%","2023","ES","Spain",4.295704290,""
"Antimicrobial resistance","Klebsiella pneumoniae|Carbapenems","R - resistant isolates, percentage  ","%","2023","FI","Finland",0.137551580,""
"Antimicrobial resistance","Klebsiella pneumoniae|Carbapenems","R - resistant isolates, percentage  ","%","2023","HR","Croatia",27.689594350,""
"Antimicrobial resistance","Klebsiella pneumoniae|Carbapenems","R - resistant isolates, percentage  ","%","2023","HU","Hungary",5.809859150,""
"Antimicrobial resistance","Klebsiella pneumoniae|Carbapenems","R - resistant isolates, percentage  ","%","2023","IE","Ireland",0.355239780,""
"Antimicrobial resistance","Klebsiella pneumoniae|Carbapenems","R - resistant isolates, percentage  ","%","2023","IS","Iceland",0.000000000,""
"Antimicrobial resistance","Klebsiella pneumoniae|Carbapenems","R - resistant isolates, percentage  ","%","2023","IT","Italy",26.483081880,""
"Antimicrobial resistance","Klebsiella pneumoniae|Carbapenems","R - resistant isolates, percentage  ","%","2023","LI","Liechtenstein",-,""
"Antimicrobial resistance","Klebsiella pneumoniae|Carbapenems","R - resistant isolates, percentage  ","%","2023","LT","Lithuania",3.881700550,""
"Antimicrobial resistance","Klebsiella pneumoniae|Carbapenems","R - resistant isolates, percentage  ","%","2023","LU","Luxembourg",2.380952380,""
"Antimicrobial resistance","Klebsiella pneumoniae|Carbapenems","R - resistant isolates, percentage  ","%","2023","LV","Latvia",6.329113920,""
"Antimicrobial resistance","Klebsiella pneumoniae|Carbapenems","R - resistant isolates, percentage  ","%","2023","MT","Malta",3.401360540,""
"Antimicrobial resistance","Klebsiella pneumoniae|Carbapenems","R - resistant isolates, percentage  ","%","2023","NL","Netherlands",0.404585300,""
"Antimicrobial resistance","Klebsiella pneumoniae|Carbapenems","R - resistant isolates, percentage  ","%","2023","NO","Norway",0.508259210,""
"Antimicrobial resistance","Klebsiella pneumoniae|Carbapenems","R - resistant isolates, percentage  ","%","2023","PL","Poland",18.129770990,""
"Antimicrobial resistance","Klebsiella pneumoniae|Carbapenems","R - resistant isolates, percentage  ","%","2023","PT","Portugal",13.109756090,""
"Antimicrobial resistance","Klebsiella pneumoniae|Carbapenems","R - resistant isolates, percentage  ","%","2023","RO","Romania",52.765957440,""
"Antimicrobial resistance","Klebsiella pneumoniae|Carbapenems","R - resistant isolates, percentage  ","%","2023","SE","Sweden",0.508317920,""
"Antimicrobial resistance","Klebsiella pneumoniae|Carbapenems","R - resistant isolates, percentage  ","%","2023","SI","Slovenia",3.834808250,""
"Antimicrobial resistance","Klebsiella pneumoniae|Carbapenems","R - resistant isolates, percentage  ","%","2023","SK","Slovakia",12.580645160,""
"Antimicrobial resistance","Klebsiella pneumoniae|Carbapenems","R - resistant isolates, percentage  ","%","2024","AT","Austria",1.477832510,""
"Antimicrobial resistance","Klebsiella pneumoniae|Carbapenems","R - resistant isolates, percentage  ","%","2024","BE","Belgium",1.881720430,""
"Antimicrobial resistance","Klebsiella pneumoniae|Carbapenems","R - resistant isolates, percentage  ","%","2024","BG","Bulgaria",67.596566520,""
"Antimicrobial resistance","Klebsiella pneumoniae|Carbapenems","R - resistant isolates, percentage  ","%","2024","CY","Cyprus",48.456790120,""
"Antimicrobial resistance","Klebsiella pneumoniae|Carbapenems","R - resistant isolates, percentage  ","%","2024","CZ","Czechia",2.157272090,""
"Antimicrobial resistance","Klebsiella pneumoniae|Carbapenems","R - resistant isolates, percentage  ","%","2024","DE","Germany",1.244509510,""
"Antimicrobial resistance","Klebsiella pneumoniae|Carbapenems","R - resistant isolates, percentage  ","%","2024","DK","Denmark",0.440852310,""
"Antimicrobial resistance","Klebsiella pneumoniae|Carbapenems","R - resistant isolates, percentage  ","%","2024","EE","Estonia",1.702127650,""
"Antimicrobial resistance","Klebsiella pneumoniae|Carbapenems","R - resistant isolates, percentage  ","%","2024","EL","Greece",60.240274590,""
"Antimicrobial resistance","Klebsiella pneumoniae|Carbapenems","R - resistant isolates, percentage  ","%","2024","ES","Spain",5.343028770,""
"Antimicrobial resistance","Klebsiella pneumoniae|Carbapenems","R - resistant isolates, percentage  ","%","2024","FI","Finland",0.230414740,""
"Antimicrobial resistance","Klebsiella pneumoniae|Carbapenems","R - resistant isolates, percentage  ","%","2024","FR","France",1.206412160,""
"Antimicrobial resistance","Klebsiella pneumoniae|Carbapenems","R - resistant isolates, percentage  ","%","2024","HR","Croatia",31.325301200,""
"Antimicrobial resistance","Klebsiella pneumoniae|Carbapenems","R - resistant isolates, percentage  ","%","2024","HU","Hungary",6.725380300,""
"Antimicrobial resistance","Klebsiella pneumoniae|Carbapenems","R - resistant isolates, percentage  ","%","2024","IE","Ireland",0.202839750,""
"Antimicrobial resistance","Klebsiella pneumoniae|Carbapenems","R - resistant isolates, percentage  ","%","2024","IS","Iceland",0.000000000,""
"Antimicrobial resistance","Klebsiella pneumoniae|Carbapenems","R - resistant isolates, percentage  ","%","2024","IT","Italy",23.959013180,""
"Antimicrobial resistance","Klebsiella pneumoniae|Carbapenems","R - resistant isolates, percentage  ","%","2024","LI","Liechtenstein",-,""
"Antimicrobial resistance","Klebsiella pneumoniae|Carbapenems","R - resistant isolates, percentage  ","%","2024","LT","Lithuania",9.517241370,""
"Antimicrobial resistance","Klebsiella pneumoniae|Carbapenems","R - resistant isolates, percentage  ","%","2024","LU","Luxembourg",0.735294110,""
"Antimicrobial resistance","Klebsiella pneumoniae|Carbapenems","R - resistant isolates, percentage  ","%","2024","LV","Latvia",9.943181810,""
"Antimicrobial resistance","Klebsiella pneumoniae|Carbapenems","R - resistant isolates, percentage  ","%","2024","MT","Malta",2.840909090,""
"Antimicrobial resistance","Klebsiella pneumoniae|Carbapenems","R - resistant isolates, percentage  ","%","2024","NL","Netherlands",0.771513350,""
"Antimicrobial resistance","Klebsiella pneumoniae|Carbapenems","R - resistant isolates, percentage  ","%","2024","NO","Norway",0.776053210,""
"Antimicrobial resistance","Klebsiella pneumoniae|Carbapenems","R - resistant isolates, percentage  ","%","2024","PL","Poland",18.850000000,""
"Antimicrobial resistance","Klebsiella pneumoniae|Carbapenems","R - resistant isolates, percentage  ","%","2024","PT","Portugal",12.524907480,""
"Antimicrobial resistance","Klebsiella pneumoniae|Carbapenems","R - resistant isolates, percentage  ","%","2024","RO","Romania",50.259515570,""
"Antimicrobial resistance","Klebsiella pneumoniae|Carbapenems","R - resistant isolates, percentage  ","%","2024","SE","Sweden",0.523560200,""
"Antimicrobial resistance","Klebsiella pneumoniae|Carbapenems","R - resistant isolates, percentage  ","%","2024","SI","Slovenia",3.693181810,""
"Antimicrobial resistance","Klebsiella pneumoniae|Carbapenems","R - resistant isolates, percentage  ","%","2024","SK","Slovakia",13.123359580,""
